lib / Dossier,moyenne ligne,total lignes,ecart type lignes,moyenne caractère,total caractère,ecart type caractère
JT,20.606911447084233,9541,19.798687582405027,3671.8833693304537,1700082,3741.712411505535
